-- phpMyAdmin SQL Dump
-- version 5.2.1
-- https://www.phpmyadmin.net/
--
-- Host: 127.0.0.1
-- Waktu pembuatan: 20 Jul 2023 pada 18.24
-- Versi server: 10.4.28-MariaDB
-- Versi PHP: 8.0.28

SET SQL_MODE = "NO_AUTO_VALUE_ON_ZERO";
START TRANSACTION;
SET time_zone = "+00:00";


/*!40101 SET @OLD_CHARACTER_SET_CLIENT=@@CHARACTER_SET_CLIENT */;
/*!40101 SET @OLD_CHARACTER_SET_RESULTS=@@CHARACTER_SET_RESULTS */;
/*!40101 SET @OLD_COLLATION_CONNECTION=@@COLLATION_CONNECTION */;
/*!40101 SET NAMES utf8mb4 */;

--
-- Database: `ikm`
--

-- --------------------------------------------------------

--
-- Struktur dari tabel `tb_admin`
--

CREATE TABLE `tb_admin` (
  `admin_id` varchar(255) NOT NULL,
  `admin_nama` varchar(255) NOT NULL,
  `admin_email` varchar(255) NOT NULL,
  `admin_password` text NOT NULL,
  `admin_foto` varchar(255) NOT NULL
) ENGINE=InnoDB DEFAULT CHARSET=utf8mb4 COLLATE=utf8mb4_general_ci;

--
-- Dumping data untuk tabel `tb_admin`
--

INSERT INTO `tb_admin` (`admin_id`, `admin_nama`, `admin_email`, `admin_password`, `admin_foto`) VALUES
('97b3263bf74746ea6e803616c9ff9511', 'Admin', 'admin@gmail.com', '$2y$10$uH6FmXfiqa6gXMAVByqTrOULSSpkOs9e.yzBaXhWXjVhTOIQ8tvjG', '1.png');

-- --------------------------------------------------------

--
-- Struktur dari tabel `tb_hasil`
--

CREATE TABLE `tb_hasil` (
  `hasil_id` varchar(255) NOT NULL,
  `hasil_tgl` date NOT NULL,
  `hasil_user` varchar(255) NOT NULL,
  `hasil_indeks` int(11) NOT NULL,
  `hasil_kuesioner` varchar(255) NOT NULL,
  `hasil_jawaban` int(11) NOT NULL,
  `hasil_created` timestamp NOT NULL DEFAULT current_timestamp()
) ENGINE=InnoDB DEFAULT CHARSET=utf8mb4 COLLATE=utf8mb4_general_ci;

--
-- Dumping data untuk tabel `tb_hasil`
--

INSERT INTO `tb_hasil` (`hasil_id`, `hasil_tgl`, `hasil_user`, `hasil_indeks`, `hasil_kuesioner`, `hasil_jawaban`, `hasil_created`) VALUES
('01af67a2b51a6a39d23d758ef5703f3d', '2023-06-11', 'D9202H', 1721289256, '8c1e4cadc3e1dd7bde8c1465e8408607', 2, '2023-06-11 08:18:51'),
('01e5055d57c05b72605eb2e94f4f756a', '2023-06-20', 'R80876', 671793577, '9711bbbba7d984e84567ba3a31c365c0', 2, '2023-06-20 10:15:43'),
('02cfc34c0ff465d742bc11654efbcbfc', '2023-07-08', 'ITERA', 276297795, 'd36e5116c2c105087ada5308122a9273', 1, '2023-07-08 04:10:32'),
('03b4c7bfb8f3bbe90cf32f4a117d65a0', '2023-07-08', 'ITERA', 19650646, '12bdf9120b5b34bd74a2f5f980d5a4a8', 1, '2023-07-08 04:10:41'),
('05db5ab4935bbc84701b224c2b2d6e2b', '2023-06-09', 'R2380S', 19650646, '8a6214da0c81bf106bcfe6584a39c255', 1, '2023-06-09 01:20:30'),
('06bc41fc23dd87396015bb309b505fdf', '2023-06-09', 'R2380S', 671793577, 'aea975267dddc2c2a45eb866564e0bf5', 1, '2023-06-09 01:20:30'),
('0845a3675770401ec39875b0f79e8c81', '2023-06-20', 'R80876', 671793577, 'ea463ee4a5a52f89882b70105b2b8957', 4, '2023-06-20 10:15:46'),
('085dbe72928225ea35c9f178774d2b38', '2023-07-18', 'PTPN', 19650646, '8a6214da0c81bf106bcfe6584a39c255', 4, '2023-07-18 15:39:47'),
('08c71cd3e0b9d97c5df032cdf04f166b', '2023-06-22', 'UVILA', 1721289256, 'c0be34087f11e51cdbe0fd5bf10d4308', 1, '2023-06-22 06:31:01'),
('0d743e2379748e6c0614ea50f3b08a16', '2023-07-08', 'UNILA', 1721289256, '8c1e4cadc3e1dd7bde8c1465e8408607', 3, '2023-07-08 04:02:20'),
('0dff1037ed17a988a2d6827e81e054fb', '2023-07-18', 'PTPN', 1804661027, '1ccb824a23d029307b82923dcff94d24', 4, '2023-07-18 15:39:36'),
('0f4af6e9ecdff891e8594365c74002d7', '2023-07-08', 'UNILA', 671793577, '9711bbbba7d984e84567ba3a31c365c0', 3, '2023-07-08 04:02:13'),
('0fa90a516ec65496ff5390da96aba4de', '2023-07-18', '', 1721289256, 'c0be34087f11e51cdbe0fd5bf10d4308', 1, '2023-07-18 15:36:36'),
('12760eb5651e4f64ef0af4d73f9dfd2d', '2023-06-09', 'P2392H', 1804661027, 'd835d2b6f5b41a33a24aca8bc51f0073', 2, '2023-06-09 01:20:30'),
('12cfa5a499e74cc37cf4dd86d58c2c2b', '2023-07-18', 'PTPN', 671793577, '977091f49692316d85c9864e5691f07b', 4, '2023-07-18 15:39:40'),
('13f53aee298897df870b293c06d7d02b', '2023-06-22', 'UVILA', 671793577, '9711bbbba7d984e84567ba3a31c365c0', 1, '2023-06-22 06:30:52'),
('14073d612ca7865f0e4b2045f71a8db0', '2023-07-08', 'ITERA', 19650646, '979cb6161901ad71dc4ad3d02a8589db', 1, '2023-07-08 04:10:42'),
('14823b732c373f5097c7f473168f2872', '2023-06-09', 'R2380S', 276297795, 'c99896ce7c9fc96b85c5ef5a3430eff5', 1, '2023-06-09 01:20:30'),
('148efee39fb0df7324212231b45da4c9', '2023-07-18', 'PTPN', 671793577, 'a695ab0bb0e52f4e662d17f63aacf006', 2, '2023-07-18 15:39:42'),
('16c28a7c3e64050ff833a05460d34606', '2023-06-11', 'D9202H', 276297795, 'c99896ce7c9fc96b85c5ef5a3430eff5', 1, '2023-06-11 08:18:32'),
('17625cd0a836b6076e035070165f3cd7', '2023-06-20', 'R80876', 1721289256, '8c1e4cadc3e1dd7bde8c1465e8408607', 2, '2023-06-20 10:15:55'),
('18cac7324499528d48779c2f863dce83', '2023-06-21', 'R343', 1804661027, '81e4af281f36e9ef2a849495fd268016', 4, '2023-06-21 03:02:40'),
('18f1980f8044b557be8299e9ce463e66', '2023-06-22', 'UVILA', 1721289256, '8c1e4cadc3e1dd7bde8c1465e8408607', 1, '2023-06-22 06:30:59'),
('1a161f5d4e5b0f5fe264fee75d77452b', '2023-06-09', 'P2392H', 671793577, 'aea975267dddc2c2a45eb866564e0bf5', 4, '2023-06-09 01:20:30'),
('1a827f5bc9cdb1800f1bcf7c381e8d0f', '2023-06-11', 'D9202H', 671793577, 'aea975267dddc2c2a45eb866564e0bf5', 2, '2023-06-11 08:18:44'),
('1b8b61d0041c348a8c3142fcb32111fc', '2023-06-09', 'P2392H', 276297795, '4503ed3fc3211722184b70b893449df8', 1, '2023-06-09 01:20:30'),
('1eb5068d353110c27db05f31c72b6801', '2023-06-20', 'R80876', 1721289256, '5428d3a7024d09e7fbee0d6ec7e89488', 1, '2023-06-20 10:15:53'),
('2265cc504aac88a83a3647220296a758', '2023-06-09', 'P2392H', 671793577, '9711bbbba7d984e84567ba3a31c365c0', 2, '2023-06-09 01:20:30'),
('2415dba20bbf4f2c2801d4634e4afc9b', '2023-07-08', 'ITERA', 1721289256, '7407550d6360e49b5f3a1eebd9a3247b', 1, '2023-07-08 04:10:43'),
('25070ae79c049c038e5f8fb3d0fbcf19', '2023-06-21', 'R343', 1804661027, '131dc1bba89f3c6d5fd24b92917abd67', 2, '2023-06-21 03:02:34'),
('2559c8f22f14ef5f9cb0e0a0ba3ef633', '2023-07-08', 'ITERA', 276297795, 'c99896ce7c9fc96b85c5ef5a3430eff5', 1, '2023-07-08 04:10:34'),
('259879dc7e3b395955fad924ed58376a', '2023-06-21', 'R343', 19650646, '8a6214da0c81bf106bcfe6584a39c255', 2, '2023-06-21 03:02:47'),
('266e12d055e096a5bd386a5eacb0e045', '2023-07-18', '', 1721289256, 'c0be34087f11e51cdbe0fd5bf10d4308', 1, '2023-07-18 15:36:35'),
('27f9f6a6ae8f9adaeea651013e5172c0', '2023-07-08', 'UNILA', 1804661027, '129b6fad1bb6233c9f8b80c2be05669b', 3, '2023-07-08 04:02:10'),
('28ca730f623fa1465846e6ce8be85860', '2023-07-08', 'ITERA', 1721289256, 'c0be34087f11e51cdbe0fd5bf10d4308', 1, '2023-07-08 04:10:44'),
('2aab5cc474e2f1c263ece5463af74625', '2023-06-22', 'UVILA', 671793577, 'ea463ee4a5a52f89882b70105b2b8957', 1, '2023-06-22 06:30:53'),
('2b3363447749d0c7a1afdfe547416b52', '2023-06-09', 'P2392H', 276297795, 'd36e5116c2c105087ada5308122a9273', 1, '2023-06-09 01:20:30'),
('2bd00da4f5b1f5994070e81d83d8012c', '2023-06-21', 'R343', 1804661027, '1ccb824a23d029307b82923dcff94d24', 1, '2023-06-21 03:02:37'),
('2eafc99b15af052cb736da2d8240b236', '2023-06-22', 'UVILA', 671793577, '977091f49692316d85c9864e5691f07b', 1, '2023-06-22 06:30:52'),
('31110dce9259ed9ab89e0bc3227dd112', '2023-07-18', '', 1721289256, 'c0be34087f11e51cdbe0fd5bf10d4308', 1, '2023-07-18 15:36:34'),
('3256ffedab636ccce686fee6fa20eac7', '2023-07-18', '', 1721289256, 'c0be34087f11e51cdbe0fd5bf10d4308', 1, '2023-07-18 15:36:35'),
('3292a498ff8b20af3d3914ccd036cfe1', '2023-06-20', 'R80876', 276297795, 'c99896ce7c9fc96b85c5ef5a3430eff5', 1, '2023-06-20 10:15:30'),
('32a981048e0969fae654cb4d7f2c4317', '2023-06-21', 'R343', 19650646, 'd6e3dc8c27d762c52e70ab69d4f2cef5', 2, '2023-06-21 03:02:47'),
('32b5bc3c3ddbb785b63128477807bb95', '2023-06-11', 'D9202H', 671793577, '977091f49692316d85c9864e5691f07b', 3, '2023-06-11 08:18:41'),
('340800af1f21418bf936cc714d8988f6', '2023-06-20', 'R80876', 276297795, 'd36e5116c2c105087ada5308122a9273', 4, '2023-06-20 10:15:28'),
('3457d0e0e4a2c6a7ee01caf31569c62a', '2023-06-09', 'P2392H', 1804661027, '131dc1bba89f3c6d5fd24b92917abd67', 1, '2023-06-09 01:20:30'),
('35f09f7e96fe522c7af33a83ed8126b7', '2023-07-08', 'UNILA', 1721289256, 'c0be34087f11e51cdbe0fd5bf10d4308', 3, '2023-07-08 04:02:23'),
('379fd4d4d4ab387418c156bab82fd032', '2023-07-08', 'UNILA', 1721289256, '7407550d6360e49b5f3a1eebd9a3247b', 3, '2023-07-08 04:02:22'),
('39ebef49ff5db940513d6e134657ea59', '2023-06-09', 'P2392H', 19650646, '12bdf9120b5b34bd74a2f5f980d5a4a8', 3, '2023-06-09 01:20:30'),
('3a10d35548dcef4398d4f921fba1ea9a', '2023-06-11', 'D9202H', 19650646, '12bdf9120b5b34bd74a2f5f980d5a4a8', 4, '2023-06-11 08:18:45'),
('3b8500e2d2fe445792f3697948987387', '2023-06-11', 'D9202H', 19650646, 'f2fe5e67714a10614ae9e5fd4af5d85a', 3, '2023-06-11 08:18:46'),
('3bbc1b959ecf592295bbdb39a074d8ff', '2023-06-21', 'R343', 1721289256, '6cb5dcd4110b811810dd85ba75bee24c', 2, '2023-06-21 03:02:49'),
('3c03b668e697b483e54c66ec76efff67', '2023-06-11', 'D9202H', 1721289256, 'c0be34087f11e51cdbe0fd5bf10d4308', 2, '2023-06-11 08:18:54'),
('3c8c720caa83c7c787400a86da4f70d1', '2023-06-22', 'UVILA', 1721289256, '5428d3a7024d09e7fbee0d6ec7e89488', 1, '2023-06-22 06:30:58'),
('3cf5d56aafbb37143fd17214d75af0c9', '2023-06-09', 'R2380S', 671793577, '9711bbbba7d984e84567ba3a31c365c0', 3, '2023-06-09 01:20:30'),
('3d816d90010bdec3497461e8951a892e', '2023-07-08', 'ITERA', 671793577, 'aea975267dddc2c2a45eb866564e0bf5', 1, '2023-07-08 04:10:40'),
('3e509c32478bd04c03c905715e8891a1', '2023-06-20', 'R80876', 19650646, '979cb6161901ad71dc4ad3d02a8589db', 1, '2023-06-20 10:15:52'),
('3f468b659aa21f30a6069653251fbfcb', '2023-06-20', 'R80876', 1804661027, '81e4af281f36e9ef2a849495fd268016', 4, '2023-06-20 10:15:41'),
('40305c9db5774199060364808bd74918', '2023-07-08', 'ITERA', 1721289256, '6cb5dcd4110b811810dd85ba75bee24c', 1, '2023-07-08 04:10:43'),
('40a38a03a101701eeb3b45ece1c7c07a', '2023-07-18', 'PTPN', 1721289256, '5428d3a7024d09e7fbee0d6ec7e89488', 4, '2023-07-18 15:39:50'),
('40c85b18b9ba5ddc36d0777b9d77d106', '2023-06-09', 'R2380S', 671793577, 'a695ab0bb0e52f4e662d17f63aacf006', 4, '2023-06-09 01:20:30'),
('41393e8da0c59bb20543f1281ea62bd7', '2023-07-18', 'PTPN', 19650646, 'd6e3dc8c27d762c52e70ab69d4f2cef5', 4, '2023-07-18 15:39:48'),
('41ba1de26ee19853aae1c832f11b9e32', '2023-06-09', 'R2380S', 1804661027, '1ccb824a23d029307b82923dcff94d24', 3, '2023-06-09 01:20:30'),
('4421c0b444ed76b9228caae4725ca6b8', '2023-06-09', 'P2392H', 671793577, '977091f49692316d85c9864e5691f07b', 2, '2023-06-09 01:20:30'),
('45dcc2efadd020094b9c9dfd66126d34', '2023-06-11', 'D9202H', 1721289256, '6cb5dcd4110b811810dd85ba75bee24c', 2, '2023-06-11 08:18:52'),
('4607fd2978b2dc45e7dba8f1911919a3', '2023-06-21', 'R343', 1804661027, '129b6fad1bb6233c9f8b80c2be05669b', 2, '2023-06-21 03:02:34'),
('46b04902a34d8b70262e54688fe58eca', '2023-07-08', 'UNILA', 671793577, 'ea463ee4a5a52f89882b70105b2b8957', 3, '2023-07-08 04:02:14'),
('473d5653796afc8cdcba9d0aa4d6fe7d', '2023-06-21', 'R343', 1721289256, '8c1e4cadc3e1dd7bde8c1465e8408607', 2, '2023-06-21 03:02:49'),
('476c7d919dbba1dc9055b3ee5ae45539', '2023-06-09', 'R2380S', 1804661027, '81e4af281f36e9ef2a849495fd268016', 1, '2023-06-09 01:20:30'),
('487327f6badfa647b4d5fa8605075f13', '2023-06-09', 'R2380S', 1721289256, 'c0be34087f11e51cdbe0fd5bf10d4308', 4, '2023-06-09 01:20:30'),
('49ca3a05e328516ebbe3b6f229dd7d8b', '2023-07-08', 'ITERA', 671793577, '977091f49692316d85c9864e5691f07b', 1, '2023-07-08 04:10:39'),
('4a7ef5eb7982847cc7f933a2d3ed9a47', '2023-06-22', 'UVILA', 276297795, 'c99896ce7c9fc96b85c5ef5a3430eff5', 1, '2023-06-22 06:30:42'),
('4d286fce82e9dc17337ad3856ae2d3ac', '2023-06-22', 'UVILA', 1804661027, 'd835d2b6f5b41a33a24aca8bc51f0073', 1, '2023-06-22 06:30:51'),
('4e87597c0c3ba24a93b7dfcde5fdf58a', '2023-06-20', 'R80876', 1804661027, 'd835d2b6f5b41a33a24aca8bc51f0073', 3, '2023-06-20 10:15:40'),
('4ff4c277963abeeefa1ae39fc0d997b9', '2023-06-21', 'R343', 671793577, '977091f49692316d85c9864e5691f07b', 1, '2023-06-21 03:02:42'),
('512eacce93fa93571ce6f0a127a199b2', '2023-07-08', 'ITERA', 671793577, '9711bbbba7d984e84567ba3a31c365c0', 1, '2023-07-08 04:10:39'),
('53908b85f0bfac7179e6b42b5e42faec', '2023-06-11', 'D9202H', 1721289256, '5428d3a7024d09e7fbee0d6ec7e89488', 2, '2023-06-11 08:18:50'),
('56cd84de3a47d42686515a3534d4f6c8', '2023-06-11', 'D9202H', 671793577, '9711bbbba7d984e84567ba3a31c365c0', 1, '2023-06-11 08:18:40'),
('57ce63ed2cc4b7a91f65abf8c8804bd2', '2023-07-08', 'ITERA', 671793577, 'ea463ee4a5a52f89882b70105b2b8957', 1, '2023-07-08 04:10:40'),
('58e7ce60d8cac9fabbb0aa33a634d893', '2023-06-09', 'R2380S', 1721289256, '8c1e4cadc3e1dd7bde8c1465e8408607', 1, '2023-06-09 01:20:30'),
('59459ca9418f7f77bf84f868f387fc36', '2023-06-21', 'R343', 671793577, 'ea463ee4a5a52f89882b70105b2b8957', 2, '2023-06-21 03:02:43'),
('5a9ef08882affb465522f34932356af5', '2023-06-09', 'R2380S', 19650646, '12bdf9120b5b34bd74a2f5f980d5a4a8', 1, '2023-06-09 01:20:30'),
('5a9f1fe2a10106fdf992de7a3bf6695d', '2023-07-18', 'PTPN', 276297795, '59de427a5165f631e617219bed2f2f50', 4, '2023-07-18 15:39:34'),
('5c1b8413916a16f5b05cef28de7845db', '2023-06-22', 'UVILA', 1804661027, '81e4af281f36e9ef2a849495fd268016', 1, '2023-06-22 06:30:51'),
('5cb806041fc0ab505c6cf8faf794d559', '2023-06-22', 'UVILA', 1804661027, '1ccb824a23d029307b82923dcff94d24', 1, '2023-06-22 06:30:50'),
('5ce09731e75ff7a23ea4381e9a8c10b3', '2023-06-09', 'P2392H', 1804661027, '1ccb824a23d029307b82923dcff94d24', 2, '2023-06-09 01:20:30'),
('5df1f5d788e858f3b05408fd6a711da2', '2023-06-22', 'UVILA', 1721289256, '7407550d6360e49b5f3a1eebd9a3247b', 1, '2023-06-22 06:31:00'),
('5e312fe10b50fd05d0a84f70763256a4', '2023-06-20', 'R80876', 19650646, '8a6214da0c81bf106bcfe6584a39c255', 1, '2023-06-20 10:15:50'),
('5e5d2b3f14b732d56a5b6e4bb041492d', '2023-06-22', 'UVILA', 19650646, '979cb6161901ad71dc4ad3d02a8589db', 1, '2023-06-22 06:30:58'),
('5fdbb1211b4b07f6a3b80db07fcd89d0', '2023-07-18', 'PTPN', 1804661027, '129b6fad1bb6233c9f8b80c2be05669b', 4, '2023-07-18 15:39:35'),
('60580226b688aed03e3f07afea992d11', '2023-06-22', 'UVILA', 1721289256, '6cb5dcd4110b811810dd85ba75bee24c', 1, '2023-06-22 06:31:00'),
('615a04b74f0b70e7c3bfaf04f007392e', '2023-07-18', 'PTPN', 19650646, 'f2fe5e67714a10614ae9e5fd4af5d85a', 4, '2023-07-18 15:39:46'),
('6221e731849ecbfe7796c174d2c786e3', '2023-06-21', 'R343', 1721289256, '5428d3a7024d09e7fbee0d6ec7e89488', 2, '2023-06-21 03:02:48'),
('63672f85c0f2f1aa265a199837d4f719', '2023-07-08', 'UNILA', 19650646, 'd6e3dc8c27d762c52e70ab69d4f2cef5', 3, '2023-07-08 04:02:17'),
('63833d9c3c23d5fcf8feab2015f02e13', '2023-06-09', 'R2380S', 671793577, '977091f49692316d85c9864e5691f07b', 3, '2023-06-09 01:20:30'),
('6527b509f6ad74998540d93b4c43b31f', '2023-06-11', 'D9202H', 276297795, '59de427a5165f631e617219bed2f2f50', 1, '2023-06-11 08:18:33'),
('6564d26ea062b98db54dd62124bcfd3b', '2023-06-11', 'D9202H', 1721289256, '7407550d6360e49b5f3a1eebd9a3247b', 2, '2023-06-11 08:18:53'),
('656fb5453dfa006001369d59b38fce35', '2023-06-22', 'UVILA', 1804661027, '129b6fad1bb6233c9f8b80c2be05669b', 1, '2023-06-22 06:30:48'),
('6707cc540fb1dacc7f14edb1ee586410', '2023-06-20', 'R80876', 1721289256, '6cb5dcd4110b811810dd85ba75bee24c', 2, '2023-06-20 10:15:56'),
('69664ac1d7dc590a9540e6765371a48b', '2023-06-21', 'R343', 276297795, '59de427a5165f631e617219bed2f2f50', 2, '2023-06-21 03:02:33'),
('6b87096e715bdb4e5af177e9fe99a2f0', '2023-07-08', 'UNILA', 276297795, 'd36e5116c2c105087ada5308122a9273', 3, '2023-07-08 04:02:09'),
('6c411fdf5adc582ec2ef9b3a27aa98b8', '2023-07-18', 'PTPN', 671793577, 'aea975267dddc2c2a45eb866564e0bf5', 4, '2023-07-18 15:39:43'),
('6cd4215033d4b51661e3291d331f30df', '2023-06-11', 'D9202H', 1804661027, 'd835d2b6f5b41a33a24aca8bc51f0073', 2, '2023-06-11 08:18:38'),
('6d54898e7266125c8502e18561381bf3', '2023-06-21', 'R343', 19650646, 'f2fe5e67714a10614ae9e5fd4af5d85a', 2, '2023-06-21 03:02:46'),
('6e9dc1606957fc9e6a2fdf0429e67b13', '2023-06-09', 'R2380S', 1804661027, '129b6fad1bb6233c9f8b80c2be05669b', 2, '2023-06-09 01:20:30'),
('6ec69300ccd9169e4e1b6ec500ab4fc3', '2023-07-08', 'ITERA', 1721289256, '5428d3a7024d09e7fbee0d6ec7e89488', 1, '2023-07-08 04:10:42'),
('70975156997fe1631140386610dd2d80', '2023-07-08', 'UNILA', 19650646, 'f2fe5e67714a10614ae9e5fd4af5d85a', 3, '2023-07-08 04:02:17'),
('70dd9946b6ee84636ec85c4d863ad460', '2023-06-21', 'R343', 276297795, 'c99896ce7c9fc96b85c5ef5a3430eff5', 2, '2023-06-21 03:02:30'),
('745bec7846371ea9ecaea58059052a9b', '2023-07-08', 'UNILA', 276297795, '59de427a5165f631e617219bed2f2f50', 3, '2023-07-08 04:02:10'),
('74cebbe0073342483b0352baf6c2333e', '2023-07-08', 'UNILA', 671793577, 'aea975267dddc2c2a45eb866564e0bf5', 3, '2023-07-08 04:02:15'),
('74fdf21bf536979fd29f3e317f81d8e3', '2023-07-08', 'UNILA', 671793577, 'a695ab0bb0e52f4e662d17f63aacf006', 3, '2023-07-08 04:02:14'),
('75a772344afa887a5783967e0790d9ca', '2023-06-11', 'D9202H', 671793577, 'ea463ee4a5a52f89882b70105b2b8957', 1, '2023-06-11 08:18:42'),
('75fd336affb020ac5f57d942f2d84c6a', '2023-06-09', 'R2380S', 19650646, 'f2fe5e67714a10614ae9e5fd4af5d85a', 1, '2023-06-09 01:20:30'),
('767217d4fabc512b2c04c66cd9abe7b6', '2023-06-09', 'R2380S', 1721289256, '7407550d6360e49b5f3a1eebd9a3247b', 2, '2023-06-09 01:20:30'),
('7694ffbc946254160dc1e60143f2a192', '2023-07-18', '', 1721289256, 'c0be34087f11e51cdbe0fd5bf10d4308', 1, '2023-07-18 15:36:35'),
('776c7b92fe4a8dcb18839634c817b4d8', '2023-07-08', 'UNILA', 276297795, '4503ed3fc3211722184b70b893449df8', 2, '2023-07-08 04:02:09'),
('78c129866e780bbbe42bf0cc7c7873e7', '2023-06-20', 'R80876', 1804661027, '131dc1bba89f3c6d5fd24b92917abd67', 4, '2023-06-20 10:15:37'),
('7936acbb88d225ed05a4959a85c000cf', '2023-07-08', 'UNILA', 276297795, 'c99896ce7c9fc96b85c5ef5a3430eff5', 3, '2023-07-08 04:02:10'),
('7942442c7c3cae6d06eeee57f783860e', '2023-06-20', 'R80876', 1804661027, '1ccb824a23d029307b82923dcff94d24', 1, '2023-06-20 10:15:39'),
('79cb75573a6b1e69d4b89e7e240c7dce', '2023-06-22', 'UVILA', 276297795, 'd36e5116c2c105087ada5308122a9273', 1, '2023-06-22 06:30:41'),
('7aed42feb2ec5aa7e78624d21ed98198', '2023-06-21', 'R343', 1721289256, 'c0be34087f11e51cdbe0fd5bf10d4308', 2, '2023-06-21 03:02:51'),
('7b67cc2853bf9f923a8b9cf1cef11ffa', '2023-06-09', 'R2380S', 1721289256, '5428d3a7024d09e7fbee0d6ec7e89488', 2, '2023-06-09 01:20:30'),
('7bb4b4af729796129349cc79bd70d945', '2023-07-08', 'ITERA', 1804661027, '1ccb824a23d029307b82923dcff94d24', 1, '2023-07-08 04:10:38'),
('7c2608cd1d99bc3afa3b2686f5338a92', '2023-06-09', 'R2380S', 19650646, '979cb6161901ad71dc4ad3d02a8589db', 3, '2023-06-09 01:20:30'),
('7cc5af1712480fbedadb00dd5e126df5', '2023-07-08', 'UNILA', 1721289256, '5428d3a7024d09e7fbee0d6ec7e89488', 3, '2023-07-08 04:02:19'),
('7d0116365bd79e55be05907c1fff80b3', '2023-06-20', 'R80876', 671793577, 'a695ab0bb0e52f4e662d17f63aacf006', 4, '2023-06-20 10:15:47'),
('7d474e67faedefa81a49db27c6086a29', '2023-07-08', 'ITERA', 1804661027, 'd835d2b6f5b41a33a24aca8bc51f0073', 1, '2023-07-08 04:10:38'),
('7dad6841be597fed56323d3f91af6e28', '2023-07-18', 'PTPN', 1721289256, '6cb5dcd4110b811810dd85ba75bee24c', 4, '2023-07-18 15:39:52'),
('7e033451c23fd0afd44d161826faf391', '2023-07-08', 'UNILA', 671793577, '977091f49692316d85c9864e5691f07b', 3, '2023-07-08 04:02:14'),
('7f03f6a464a1af5538312b60fe40a682', '2023-06-20', 'R80876', 19650646, '12bdf9120b5b34bd74a2f5f980d5a4a8', 1, '2023-06-20 10:15:49'),
('7f2384cc4806dfc8add8ecf21f955a23', '2023-06-20', 'R80876', 19650646, 'f2fe5e67714a10614ae9e5fd4af5d85a', 1, '2023-06-20 10:15:49'),
('7f35e2003e0a0456a4efb2eb2dc5d475', '2023-06-09', 'P2392H', 1721289256, 'c0be34087f11e51cdbe0fd5bf10d4308', 4, '2023-06-09 01:20:30'),
('803e09c447d6f268560e6bdec5dcab1b', '2023-06-09', 'P2392H', 1721289256, '7407550d6360e49b5f3a1eebd9a3247b', 2, '2023-06-09 01:20:30'),
('808090fa04d56bbffd8352bbe1261435', '2023-06-21', 'R343', 1721289256, '7407550d6360e49b5f3a1eebd9a3247b', 2, '2023-06-21 03:02:50'),
('80f45f462df5064ffec42ab89b9c1623', '2023-06-09', 'P2392H', 1804661027, '81e4af281f36e9ef2a849495fd268016', 2, '2023-06-09 01:20:30'),
('81b44e63560df108e609370130b540bd', '2023-07-08', 'ITERA', 1804661027, '131dc1bba89f3c6d5fd24b92917abd67', 1, '2023-07-08 04:10:38'),
('82c34a070a3842f45818f999bfa7d984', '2023-07-18', 'PTPN', 1804661027, '81e4af281f36e9ef2a849495fd268016', 4, '2023-07-18 15:39:38'),
('83aae97ade4c5e9a2904d0eb871e3894', '2023-06-11', 'D9202H', 1804661027, '81e4af281f36e9ef2a849495fd268016', 2, '2023-06-11 08:18:38'),
('86405e40fc09343274916f84a6103b11', '2023-07-18', 'PTPN', 671793577, '9711bbbba7d984e84567ba3a31c365c0', 4, '2023-07-18 15:39:39'),
('89785f23b5a0dea79793a7f66ba1673d', '2023-07-08', 'ITERA', 1804661027, '129b6fad1bb6233c9f8b80c2be05669b', 1, '2023-07-08 04:10:37'),
('8a64991b087592e05373eb3b0c3ad913', '2023-07-08', 'UNILA', 1804661027, '81e4af281f36e9ef2a849495fd268016', 3, '2023-07-08 04:02:13'),
('8adfe6da3ddaf4096313721b5a01cadf', '2023-06-09', 'R2380S', 671793577, 'ea463ee4a5a52f89882b70105b2b8957', 4, '2023-06-09 01:20:30'),
('8b710577ed9dfcd8ec7f0b543fcba0ae', '2023-06-09', 'P2392H', 1721289256, '6cb5dcd4110b811810dd85ba75bee24c', 2, '2023-06-09 01:20:30'),
('8c326765f36f26d28cd8ad1bfef6d30f', '2023-06-22', 'UVILA', 19650646, 'f2fe5e67714a10614ae9e5fd4af5d85a', 1, '2023-06-22 06:30:55'),
('8c420076747daa9ada34a3579895bca1', '2023-07-08', 'UNILA', 1804661027, '1ccb824a23d029307b82923dcff94d24', 3, '2023-07-08 04:02:12'),
('8c5b1716f4998f0c77b22e487183e404', '2023-06-21', 'R343', 19650646, '12bdf9120b5b34bd74a2f5f980d5a4a8', 2, '2023-06-21 03:02:46'),
('8cccecb578290c7167a3349ebd1a1ab9', '2023-06-21', 'R343', 276297795, '4503ed3fc3211722184b70b893449df8', 2, '2023-06-21 03:02:29'),
('947a6d8a96373848e794d9f9a5334bb2', '2023-06-09', 'R2380S', 276297795, '4503ed3fc3211722184b70b893449df8', 1, '2023-06-09 01:20:30'),
('94b014fcd5b08d8602c484ba57f4bd3a', '2023-07-18', '', 1721289256, 'c0be34087f11e51cdbe0fd5bf10d4308', 1, '2023-07-18 15:36:34'),
('972870df1f5ed6550e07d1e5c0dd74b8', '2023-07-18', 'PTPN', 276297795, 'c99896ce7c9fc96b85c5ef5a3430eff5', 4, '2023-07-18 15:39:33'),
('97720a1c3cb9969a84965c19cfd4f5ad', '2023-07-18', 'PTPN', 1804661027, '131dc1bba89f3c6d5fd24b92917abd67', 4, '2023-07-18 15:39:36'),
('982d4daf1509a5c2a8eff4e8d9b92538', '2023-06-09', 'P2392H', 671793577, 'ea463ee4a5a52f89882b70105b2b8957', 4, '2023-06-09 01:20:30'),
('9ae22227a395bc53402ec2d3c80afefd', '2023-07-08', 'UNILA', 19650646, '8a6214da0c81bf106bcfe6584a39c255', 3, '2023-07-08 04:02:17'),
('9af12ec0213c30921a8bc226e436da2e', '2023-07-18', 'PTPN', 1804661027, 'd835d2b6f5b41a33a24aca8bc51f0073', 4, '2023-07-18 15:39:37'),
('9c2d2e9674a2d8b3c479b5294d70723b', '2023-07-18', 'PTPN', 1721289256, '7407550d6360e49b5f3a1eebd9a3247b', 4, '2023-07-18 15:39:52'),
('9e954f21d8cdaa02a72799b5ea4de8fa', '2023-07-18', 'PTPN', 276297795, 'd36e5116c2c105087ada5308122a9273', 4, '2023-07-18 15:39:32'),
('9e9f0e7c7b919587139d5cd38ac46610', '2023-06-09', 'P2392H', 276297795, '59de427a5165f631e617219bed2f2f50', 2, '2023-06-09 01:20:30'),
('a0c479a3b32ffa5eea6b2ef9a4ea2afa', '2023-06-09', 'P2392H', 1804661027, '129b6fad1bb6233c9f8b80c2be05669b', 3, '2023-06-09 01:20:30'),
('a1ea3c1c7ce3d0552c97aad2c591689d', '2023-06-09', 'R2380S', 1804661027, '131dc1bba89f3c6d5fd24b92917abd67', 2, '2023-06-09 01:20:30'),
('a200b2bc4592a110221b6caf39d3366f', '2023-06-11', 'D9202H', 671793577, 'a695ab0bb0e52f4e662d17f63aacf006', 1, '2023-06-11 08:18:43'),
('a259bf1d0bb0f9d964be0151d8e26deb', '2023-06-21', 'R343', 671793577, 'aea975267dddc2c2a45eb866564e0bf5', 2, '2023-06-21 03:02:45'),
('a2fb5d4008ecc46d6e534367ab864829', '2023-06-20', 'R80876', 276297795, '59de427a5165f631e617219bed2f2f50', 3, '2023-06-20 10:15:32'),
('a5f67ee073911360d85d4572d42fd689', '2023-06-21', 'R343', 19650646, '979cb6161901ad71dc4ad3d02a8589db', 2, '2023-06-21 03:02:48'),
('a757b5da78813140480653da6139e20f', '2023-06-21', 'R343', 1804661027, 'd835d2b6f5b41a33a24aca8bc51f0073', 2, '2023-06-21 03:02:38'),
('a7668732ec683207d93153728f481ab4', '2023-06-20', 'R80876', 671793577, 'aea975267dddc2c2a45eb866564e0bf5', 1, '2023-06-20 10:15:48'),
('a8db130ff1411276f888efbb57d0b885', '2023-06-22', 'UVILA', 671793577, 'a695ab0bb0e52f4e662d17f63aacf006', 1, '2023-06-22 06:30:54'),
('a9338a639c0624ee829abc7ec90f801a', '2023-06-22', 'UVILA', 671793577, 'aea975267dddc2c2a45eb866564e0bf5', 1, '2023-06-22 06:30:54'),
('a95ea23080f5ec5d32de2d23ef349ab5', '2023-07-18', 'PTPN', 671793577, 'ea463ee4a5a52f89882b70105b2b8957', 4, '2023-07-18 15:39:40'),
('aaa43fee06a27b4d7473f246b2cda7d6', '2023-06-11', 'D9202H', 276297795, '4503ed3fc3211722184b70b893449df8', 1, '2023-06-11 08:18:30'),
('ab5202cb3d1a0e9235161bd2384c2987', '2023-07-08', 'ITERA', 671793577, 'a695ab0bb0e52f4e662d17f63aacf006', 1, '2023-07-08 04:10:40'),
('abc6f933f272817bf6cd4537fa45afdb', '2023-06-22', 'UVILA', 276297795, '4503ed3fc3211722184b70b893449df8', 1, '2023-06-22 06:30:41'),
('abee290ae05118b459698864c746ac23', '2023-06-11', 'D9202H', 1804661027, '1ccb824a23d029307b82923dcff94d24', 2, '2023-06-11 08:18:37'),
('acb3d15f0a4e776024c7b9ee5408f6c0', '2023-06-09', 'P2392H', 1721289256, '5428d3a7024d09e7fbee0d6ec7e89488', 2, '2023-06-09 01:20:30'),
('b156e0170d2cc921fe0c4f3698c79ec8', '2023-06-09', 'P2392H', 19650646, 'd6e3dc8c27d762c52e70ab69d4f2cef5', 3, '2023-06-09 01:20:30'),
('b16c62ebc7c1ccfc2bd267dd33778e6d', '2023-07-18', 'PTPN', 276297795, '4503ed3fc3211722184b70b893449df8', 4, '2023-07-18 15:39:31'),
('b393707218363ba1d7eceb7e319e3a9a', '2023-07-08', 'ITERA', 19650646, '8a6214da0c81bf106bcfe6584a39c255', 1, '2023-07-08 04:10:41'),
('b5030c1b9700eaf19cf528f5a376073d', '2023-07-08', 'UNILA', 19650646, '12bdf9120b5b34bd74a2f5f980d5a4a8', 3, '2023-07-08 04:02:16'),
('b530ad34c7e9b9bbdb879afd6e33e548', '2023-06-11', 'D9202H', 1804661027, '129b6fad1bb6233c9f8b80c2be05669b', 2, '2023-06-11 08:18:34'),
('b5f204cb111a2451b6059481ec2799f1', '2023-06-22', 'UVILA', 19650646, '12bdf9120b5b34bd74a2f5f980d5a4a8', 1, '2023-06-22 06:30:55'),
('ba71e052b5ee092862a89348dfa3b858', '2023-06-09', 'R2380S', 276297795, 'd36e5116c2c105087ada5308122a9273', 2, '2023-06-09 01:20:30'),
('baa153f5f7fc064a5bf44d7700a1b196', '2023-06-22', 'UVILA', 276297795, '59de427a5165f631e617219bed2f2f50', 1, '2023-06-22 06:30:43'),
('bb0669227274fa1985d7e9d54bf8f30b', '2023-06-21', 'R343', 671793577, '9711bbbba7d984e84567ba3a31c365c0', 3, '2023-06-21 03:02:41'),
('c1a583e900f583b93c33c23bd915c469', '2023-07-18', '', 1721289256, 'c0be34087f11e51cdbe0fd5bf10d4308', 1, '2023-07-18 15:36:35'),
('c3ae89853cc0ccb2e49c76dbd217f44e', '2023-06-09', 'P2392H', 671793577, 'a695ab0bb0e52f4e662d17f63aacf006', 4, '2023-06-09 01:20:30'),
('c4c06e8f280ef59701e6acac4d48291e', '2023-06-22', 'UVILA', 19650646, '8a6214da0c81bf106bcfe6584a39c255', 1, '2023-06-22 06:30:56'),
('c57541b7060e587a2927d24330c871d4', '2023-06-09', 'R2380S', 276297795, '59de427a5165f631e617219bed2f2f50', 2, '2023-06-09 01:20:30'),
('c67ec34fd274260a0779ba14d315cd8a', '2023-07-18', 'PTPN', 1721289256, 'c0be34087f11e51cdbe0fd5bf10d4308', 4, '2023-07-18 15:39:53'),
('c8c99c87c4fd6d56697fce5587060fb3', '2023-07-08', 'UNILA', 19650646, '979cb6161901ad71dc4ad3d02a8589db', 3, '2023-07-08 04:02:18'),
('c9944b97f0039a8db0e9e45793d707ef', '2023-06-09', 'P2392H', 276297795, 'c99896ce7c9fc96b85c5ef5a3430eff5', 1, '2023-06-09 01:20:30'),
('ca180c5c7cff02cbdca61a051ab34894', '2023-07-08', 'UNILA', 1804661027, 'd835d2b6f5b41a33a24aca8bc51f0073', 3, '2023-07-08 04:02:13'),
('cb26544919018372b0aecbb3e6743e02', '2023-07-18', 'PTPN', 19650646, '12bdf9120b5b34bd74a2f5f980d5a4a8', 3, '2023-07-18 15:39:44'),
('cc1b0673dfd86666fdc13f3e71fd9665', '2023-07-18', '', 1721289256, 'c0be34087f11e51cdbe0fd5bf10d4308', 1, '2023-07-18 15:36:34'),
('cc488a162040e2936d12933ff5934a46', '2023-07-18', 'PTPN', 1721289256, '8c1e4cadc3e1dd7bde8c1465e8408607', 4, '2023-07-18 15:39:51'),
('ccca89222e8a211fee4666d91b1d123b', '2023-06-20', 'R80876', 1804661027, '129b6fad1bb6233c9f8b80c2be05669b', 2, '2023-06-20 10:15:35'),
('d1c1f2f01a3c620765b645ad232a0747', '2023-07-08', 'ITERA', 1721289256, '8c1e4cadc3e1dd7bde8c1465e8408607', 1, '2023-07-08 04:10:43'),
('d4279daebf42eb156918b309aa4bb29f', '2023-06-22', 'UVILA', 1804661027, '131dc1bba89f3c6d5fd24b92917abd67', 1, '2023-06-22 06:30:49'),
('da973d52ba717ee129f8622ebc42caa9', '2023-06-11', 'D9202H', 1804661027, '131dc1bba89f3c6d5fd24b92917abd67', 1, '2023-06-11 08:18:35'),
('dcc6bee1eb59d04e68b71afa128a246a', '2023-06-09', 'R2380S', 1721289256, '6cb5dcd4110b811810dd85ba75bee24c', 2, '2023-06-09 01:20:30'),
('dd72446b77f137043c74154d3fe3e683', '2023-06-09', 'P2392H', 19650646, '979cb6161901ad71dc4ad3d02a8589db', 2, '2023-06-09 01:20:30'),
('de9526ab91825b4a7c3252904bf728af', '2023-07-08', 'ITERA', 19650646, 'd6e3dc8c27d762c52e70ab69d4f2cef5', 1, '2023-07-08 04:10:42'),
('dee895adb9529b56924da9b1d065bac9', '2023-06-21', 'R343', 276297795, 'd36e5116c2c105087ada5308122a9273', 2, '2023-06-21 03:02:30'),
('df115e447e5e166124c2af5a4b3a4705', '2023-07-08', 'ITERA', 1804661027, '81e4af281f36e9ef2a849495fd268016', 1, '2023-07-08 04:10:39'),
('e1c65d31ce9830dcbbe5e7e25de395e6', '2023-06-09', 'P2392H', 1721289256, '8c1e4cadc3e1dd7bde8c1465e8408607', 2, '2023-06-09 01:20:30'),
('e2691a07161bbda6d01d73106b444375', '2023-07-08', 'UNILA', 1721289256, '6cb5dcd4110b811810dd85ba75bee24c', 3, '2023-07-08 04:02:21'),
('e38e6dc7a41ab6532a4ac2c40bdfc199', '2023-07-18', '', 1721289256, 'c0be34087f11e51cdbe0fd5bf10d4308', 1, '2023-07-18 15:36:35'),
('e39382fb2ba740e6e65da0bb19f21672', '2023-06-09', 'P2392H', 19650646, '8a6214da0c81bf106bcfe6584a39c255', 3, '2023-06-09 01:20:30'),
('e466fc212c78af83862ac93aac5c83f7', '2023-07-08', 'UNILA', 1804661027, '131dc1bba89f3c6d5fd24b92917abd67', 3, '2023-07-08 04:02:12'),
('e4f0c31d571ad70b7951bb0835b9d6b4', '2023-06-20', 'R80876', 1721289256, '7407550d6360e49b5f3a1eebd9a3247b', 2, '2023-06-20 10:15:56'),
('e5490c870fffbc2e792162bc74a5ac70', '2023-07-08', 'ITERA', 19650646, 'f2fe5e67714a10614ae9e5fd4af5d85a', 1, '2023-07-08 04:10:41'),
('e735ba7b45f4aea9ab74bdbdeba09f25', '2023-06-20', 'R80876', 276297795, '4503ed3fc3211722184b70b893449df8', 2, '2023-06-20 10:15:25'),
('e83157b8a634080e2c1f6b1a64b1ee70', '2023-06-11', 'D9202H', 19650646, 'd6e3dc8c27d762c52e70ab69d4f2cef5', 1, '2023-06-11 08:18:48'),
('e89b08237c684c2f4e273d8b884013f1', '2023-06-09', 'R2380S', 1804661027, 'd835d2b6f5b41a33a24aca8bc51f0073', 1, '2023-06-09 01:20:30'),
('ebc1bc7fcffe30a3a172baaa3ab4a81e', '2023-06-11', 'D9202H', 276297795, 'd36e5116c2c105087ada5308122a9273', 1, '2023-06-11 08:18:31'),
('ee7b853ce1dd35efd651aa7fad1c0634', '2023-07-18', '', 1721289256, 'c0be34087f11e51cdbe0fd5bf10d4308', 1, '2023-07-18 15:36:34'),
('ef14ed247642226165ba14127763b8d6', '2023-07-08', 'ITERA', 276297795, '59de427a5165f631e617219bed2f2f50', 1, '2023-07-08 04:10:35'),
('ef1a2ea32207867ec935b5e72af9fc75', '2023-06-21', 'R343', 671793577, 'a695ab0bb0e52f4e662d17f63aacf006', 2, '2023-06-21 03:02:44'),
('f0c9561259826c65f7176edf44ba23c8', '2023-06-20', 'R80876', 671793577, '977091f49692316d85c9864e5691f07b', 4, '2023-06-20 10:15:44'),
('f2c4c6562de1451757a13c7e8e1848ff', '2023-07-18', 'PTPN', 19650646, '979cb6161901ad71dc4ad3d02a8589db', 4, '2023-07-18 15:39:49'),
('f52418dcac345d7f8f4a2f38ba271a6a', '2023-06-20', 'R80876', 19650646, 'd6e3dc8c27d762c52e70ab69d4f2cef5', 1, '2023-06-20 10:15:51'),
('f528e04dc01a084d5fbd01abdb87bf5d', '2023-07-08', 'ITERA', 276297795, '4503ed3fc3211722184b70b893449df8', 2, '2023-07-08 04:10:29'),
('f5be5a59462a5d828a97010011dedb77', '2023-06-22', 'UVILA', 19650646, 'd6e3dc8c27d762c52e70ab69d4f2cef5', 1, '2023-06-22 06:30:57'),
('f7507c15d9dc4fd167853c82e9d2bd99', '2023-06-20', 'R80876', 1721289256, 'c0be34087f11e51cdbe0fd5bf10d4308', 2, '2023-06-20 10:15:57'),
('f98fc8072c7f032b5934798586666a87', '2023-06-09', 'R2380S', 19650646, 'd6e3dc8c27d762c52e70ab69d4f2cef5', 3, '2023-06-09 01:20:30'),
('fb92526f2e0b418fa8d61d472898dc21', '2023-06-11', 'D9202H', 19650646, '8a6214da0c81bf106bcfe6584a39c255', 3, '2023-06-11 08:18:47'),
('fe24ff9165dab60d65fb5135dac152b7', '2023-06-11', 'D9202H', 19650646, '979cb6161901ad71dc4ad3d02a8589db', 4, '2023-06-11 08:18:49'),
('fe25be3a1877444a01a33869de5bd843', '2023-06-09', 'P2392H', 19650646, 'f2fe5e67714a10614ae9e5fd4af5d85a', 3, '2023-06-09 01:20:30');

-- --------------------------------------------------------

--
-- Struktur dari tabel `tb_indeks`
--

CREATE TABLE `tb_indeks` (
  `indeks_id` int(11) NOT NULL,
  `indeks_judul` varchar(255) NOT NULL,
  `indeks_warna` varchar(255) NOT NULL
) ENGINE=InnoDB DEFAULT CHARSET=utf8mb4 COLLATE=utf8mb4_general_ci;

--
-- Dumping data untuk tabel `tb_indeks`
--

INSERT INTO `tb_indeks` (`indeks_id`, `indeks_judul`, `indeks_warna`) VALUES
(19650646, 'Assurance (Jaminan)', ''),
(276297795, 'Tangible (Bukti Fisik)', ''),
(671793577, 'Responsiveness (Daya Tanggap)', ''),
(1721289256, 'Emphaty (Empati)', ''),
(1804661027, 'Reliability (Keandalan)', '');

-- --------------------------------------------------------

--
-- Struktur dari tabel `tb_jawaban`
--

CREATE TABLE `tb_jawaban` (
  `jawab_id` int(11) NOT NULL,
  `jawab_jenis` varchar(255) NOT NULL,
  `jawab_emoji` text NOT NULL,
  `jawab_type_text` varchar(255) NOT NULL
) ENGINE=InnoDB DEFAULT CHARSET=utf8mb4 COLLATE=utf8mb4_general_ci;

--
-- Dumping data untuk tabel `tb_jawaban`
--

INSERT INTO `tb_jawaban` (`jawab_id`, `jawab_jenis`, `jawab_emoji`, `jawab_type_text`) VALUES
(1, 'Sangat Puas', 'bi bi-emoji-laughing', 'success'),
(2, 'Puas', 'bi bi-emoji-smile', 'primary'),
(3, 'Cukup Puas', 'bi bi-emoji-neutral', 'warning'),
(4, 'Tidak Puas', 'bi bi-emoji-angry', 'danger');

-- --------------------------------------------------------

--
-- Struktur dari tabel `tb_krisar`
--

CREATE TABLE `tb_krisar` (
  `krisar_id` varchar(255) NOT NULL,
  `krisar_nama` varchar(255) DEFAULT NULL,
  `krisar_email` varchar(255) DEFAULT NULL,
  `krisar_hp` varchar(255) DEFAULT NULL,
  `krisar_isi` text DEFAULT NULL,
  `krisar_status` int(11) NOT NULL,
  `krisar_created` timestamp NOT NULL DEFAULT current_timestamp()
) ENGINE=InnoDB DEFAULT CHARSET=utf8mb4 COLLATE=utf8mb4_general_ci;

-- --------------------------------------------------------

--
-- Struktur dari tabel `tb_kuesioner`
--

CREATE TABLE `tb_kuesioner` (
  `kuesioner_id` varchar(255) NOT NULL,
  `kuesioner_judul` text NOT NULL,
  `kuesioner_indeksid` int(11) NOT NULL,
  `kuesioner_next` int(11) NOT NULL
) ENGINE=InnoDB DEFAULT CHARSET=utf8mb4 COLLATE=utf8mb4_general_ci;

--
-- Dumping data untuk tabel `tb_kuesioner`
--

INSERT INTO `tb_kuesioner` (`kuesioner_id`, `kuesioner_judul`, `kuesioner_indeksid`, `kuesioner_next`) VALUES
('129b6fad1bb6233c9f8b80c2be05669b', 'Pelaksanaan Jam Kerja Dilakukan Tepat Waktu.', 1804661027, 5),
('12bdf9120b5b34bd74a2f5f980d5a4a8', 'Petugas SAMSAT menguasai peraturan Pajak Kendaraan Bermotor.', 19650646, 15),
('131dc1bba89f3c6d5fd24b92917abd67', 'Petugas SAMSAT mampu memberikan pelayanan dengan cepat.', 1804661027, 6),
('1ccb824a23d029307b82923dcff94d24', 'Petugas SAMSAT mampu memberikan pelayanan dengan tepat.', 1804661027, 7),
('4503ed3fc3211722184b70b893449df8', 'Letak/lokasi SAMSAT Yang Strategis.', 276297795, 1),
('5428d3a7024d09e7fbee0d6ec7e89488', 'Petugas SAMSAT memberikan perhatian terhadap masalah yang berkaitan dengan Pajak Kendaraan Bermotor', 1721289256, 20),
('59de427a5165f631e617219bed2f2f50', 'Kerapihan Penampilan Petugas SAMSAT.', 276297795, 4),
('6cb5dcd4110b811810dd85ba75bee24c', 'Petugas SAMSAT memberikan kemudahan dalam pelayanan.', 1721289256, 22),
('7407550d6360e49b5f3a1eebd9a3247b', 'Petugas SAMSAT selalu bersikap simpatik dalam memberikan pelayanan.', 1721289256, 23),
('81e4af281f36e9ef2a849495fd268016', 'Kemudahan untuk memperoleh penjelasan tentang hal-hal yang belum jelas berkaitan dengan Pajak Kendaraan Bermotor.', 1804661027, 9),
('8a6214da0c81bf106bcfe6584a39c255', 'Petugas SAMSAT menjaga kerahasiaan data Wajib Pajak.', 19650646, 17),
('8c1e4cadc3e1dd7bde8c1465e8408607', 'Petugas SAMSAT memberikan waktu untuk menyelesaikan masalah yang berkaitan dengan Pajak Kendaraan Bermotor.', 1721289256, 21),
('9711bbbba7d984e84567ba3a31c365c0', 'Kesediaan petugas SAMSAT untuk menjawab pertanyaan mengenai Pajak Kendaraan Bermotor', 671793577, 10),
('977091f49692316d85c9864e5691f07b', 'Petugas SAMSAT mampu menyelesaikan setiap masalah dengan cepat.', 671793577, 11),
('979cb6161901ad71dc4ad3d02a8589db', 'Petugas SAMSAT terampil dalam memberikan pelayanan.', 19650646, 19),
('a695ab0bb0e52f4e662d17f63aacf006', 'Petugas SAMSAT mampu menjelaskan prosedur pembayaran Pajak Kendaraan Bermotor', 671793577, 13),
('aea975267dddc2c2a45eb866564e0bf5', 'Petugas SAMSAT selalu siap sedia membantu Wajib Pajak.', 671793577, 14),
('c0be34087f11e51cdbe0fd5bf10d4308', 'Petugas SAMSAT berusaha memberikan pelayanan yang terbaik.', 1721289256, 24),
('c99896ce7c9fc96b85c5ef5a3430eff5', 'Tersedia Tempat Parkir Yang Memadai.', 276297795, 3),
('d36e5116c2c105087ada5308122a9273', 'Tersedia Ruang Tunggu Yang Nyaman.', 276297795, 2),
('d6e3dc8c27d762c52e70ab69d4f2cef5', 'Petugas SAMSAT ramah dalam memberikan pelayanan', 19650646, 18),
('d835d2b6f5b41a33a24aca8bc51f0073', 'Petugas SAMSAT bertanggung jawab atas tugasnya', 1804661027, 8),
('ea463ee4a5a52f89882b70105b2b8957', 'Petugas SAMSAT mampu menyelesaikan setiap masalah dengan tepat.', 671793577, 12),
('f2fe5e67714a10614ae9e5fd4af5d85a', 'Petugas SAMSAT mampu melakukan komunikasi yang efektif.', 19650646, 16);

-- --------------------------------------------------------

--
-- Struktur dari tabel `tb_log_akses`
--

CREATE TABLE `tb_log_akses` (
  `id_log_info` int(11) NOT NULL,
  `time_log_info` int(11) NOT NULL,
  `browser_log_info` varchar(50) NOT NULL,
  `b_version_log_info` varchar(50) NOT NULL,
  `os_log_info` varchar(50) NOT NULL,
  `ip_log_info` varchar(50) NOT NULL,
  `date_sortir` timestamp NOT NULL DEFAULT current_timestamp()
) ENGINE=InnoDB DEFAULT CHARSET=latin1 COLLATE=latin1_swedish_ci;

--
-- Dumping data untuk tabel `tb_log_akses`
--

INSERT INTO `tb_log_akses` (`id_log_info`, `time_log_info`, `browser_log_info`, `b_version_log_info`, `os_log_info`, `ip_log_info`, `date_sortir`) VALUES
(1, 1686471508, 'Chrome', '114.0.0.0', 'Windows 10', '::1', '2023-06-11 08:18:28'),
(2, 1686489495, 'Chrome', '114.0.0.0', 'Windows 10', '::1', '2023-06-11 13:18:15'),
(3, 1686489589, 'Chrome', '114.0.0.0', 'Windows 10', '::1', '2023-06-11 13:19:49'),
(4, 1687256119, 'Chrome', '114.0.0.0', 'Windows 10', '::1', '2023-06-20 10:15:19'),
(5, 1687316542, 'Chrome', '114.0.0.0', 'Windows 10', '::1', '2023-06-21 03:02:22'),
(6, 1687415406, 'Chrome', '114.0.0.0', 'Windows 10', '::1', '2023-06-22 06:30:06'),
(7, 1688788927, 'Chrome', '114.0.0.0', 'Windows 10', '::1', '2023-07-08 04:02:07'),
(8, 1688789209, 'Chrome', '114.0.0.0', 'Windows 10', '::1', '2023-07-08 04:06:49'),
(9, 1689081449, 'Chrome', '114.0.0.0', 'Windows 10', '::1', '2023-07-11 13:17:29'),
(10, 1689694572, 'Chrome', '114.0.0.0', 'Windows 10', '::1', '2023-07-18 15:36:12'),
(11, 1689694625, 'Chrome', '114.0.0.0', 'Windows 10', '::1', '2023-07-18 15:37:05'),
(12, 1689694766, 'Chrome', '114.0.0.0', 'Windows 10', '::1', '2023-07-18 15:39:26'),
(13, 1689855906, 'Chrome', '114.0.0.0', 'Windows 10', '::1', '2023-07-20 12:25:06');

-- --------------------------------------------------------

--
-- Struktur dari tabel `tb_notifikasi`
--

CREATE TABLE `tb_notifikasi` (
  `noti_id` varchar(255) NOT NULL,
  `noti_nama` varchar(255) NOT NULL,
  `noti_ket` text NOT NULL,
  `noti_status` int(11) NOT NULL,
  `noti_created` timestamp NOT NULL DEFAULT current_timestamp()
) ENGINE=InnoDB DEFAULT CHARSET=utf8mb4 COLLATE=utf8mb4_general_ci;

--
-- Dumping data untuk tabel `tb_notifikasi`
--

INSERT INTO `tb_notifikasi` (`noti_id`, `noti_nama`, `noti_ket`, `noti_status`, `noti_created`) VALUES
('006eb015b3f9922165a6d19ef1c1f5b5', 'Mita', 'Responden baru', 0, '2023-06-22 06:30:06'),
('0ea4e2d604d64c8c458208e365831468', 'Sarmin', 'Responden baru', 0, '2023-06-11 13:18:15'),
('14b7f6932f59850fb8f75e93c60c7558', 'Nur Mita Utami', 'Telah mengisi kuesioner', 0, '2023-07-08 04:02:23'),
('14f78269ebbbca044b172436c1b0b5a1', 'Sarmin', 'Telah mengisi kuesioner', 0, '2023-06-11 13:18:45'),
('17dfc56319c5f7c2995a6b4c6c66d137', '78776', 'Responden baru', 0, '2023-06-20 10:15:19'),
('383070b0835d87359790d2e0bb231537', 'Kinoy', 'Responden baru', 0, '2023-07-18 15:37:05'),
('405e5716e038709e09657a710135ed31', 'Mita', 'Telah mengisi kuesioner', 0, '2023-06-22 06:31:01'),
('48f9ec50e13b76340943d041c35388ed', 'Ritma', 'Responden baru', 0, '2023-07-18 15:39:26'),
('499ea221e3e1bec749cfeb3e1e1af685', 'Maverick', 'Responden baru', 0, '2023-06-11 08:18:28'),
('5bb9ed4b4bcaecc04e69ed892476e3e6', 'Nur Mita', 'Telah mengisi kuesioner', 0, '2023-07-08 04:10:44'),
('662e53b72d426621be14aab54c03a63d', 'Lia', 'Telah mengisi kuesioner', 0, '2023-06-11 13:20:16'),
('7d6222c83cc823805114440e6a5bb7b1', 'Maverick', 'Telah mengisi kuesioner', 0, '2023-06-11 08:18:54'),
('80a303fc16d3401e94a2f23e13b3de3a', 'Kinoy', 'Telah mengisi kuesioner', 0, '2023-07-18 15:37:25'),
('813df8baddead092abdd57b85bc79719', 'Bvbgf', 'Responden baru', 0, '2023-06-21 03:02:22'),
('871b4311cfa5c8db5674f9bc1623430d', 'Nur Mita', 'Responden baru', 0, '2023-07-08 04:06:49'),
('9a1bb6380c88bfb0c3adacabb96b8708', 'Ritma', 'Telah mengisi kuesioner', 0, '2023-07-18 15:39:53'),
('a210aef60f8cc5ab8785f8c8aee10f35', 'Bvbgf', 'Telah mengisi kuesioner', 0, '2023-06-21 03:02:51'),
('a47134910f99cf19f8132a6591b62e24', 'Nur', 'Telah mengisi kuesioner', 0, '2023-07-20 12:25:36'),
('ab8c0fdfb5bada6be4d7e56ec8a35859', 'Leo', 'Telah mengisi kuesioner', 1, '2023-07-11 13:19:27'),
('b52fa0fe6c38969faae60890f3e3e00a', 'Leo', 'Responden baru', 0, '2023-07-11 13:17:29'),
('bdc79bfb6da48240dff2d2569d6f642a', 'Leo', 'Telah mengisi kuesioner', 0, '2023-07-18 15:36:34'),
('d49afccb64b70e3be1f18861197e013a', 'Nur Mita Utami', 'Responden baru', 1, '2023-07-08 04:02:07'),
('e1200febc144a61963a799eb8ee026d4', '78776', 'Telah mengisi kuesioner', 0, '2023-06-20 10:15:57'),
('e4d539ece2aa7cb68f0c5580ed874c60', 'Nur', 'Responden baru', 0, '2023-07-20 12:25:06'),
('fd1c82bef4cc5a8ab3ecba0831fd4eb4', 'Lia', 'Responden baru', 0, '2023-06-11 13:19:49'),
('fe74a127ff1f1bd056fc499a024ad239', 'Liza', 'Responden baru', 0, '2023-07-18 15:36:12');

-- --------------------------------------------------------

--
-- Struktur dari tabel `tb_responden`
--

CREATE TABLE `tb_responden` (
  `respo_id` varchar(255) NOT NULL,
  `respo_nama` varchar(255) NOT NULL,
  `respo_lembaga` varchar(255) NOT NULL,
  `respo_jk` varchar(255) NOT NULL,
  `respo_usia` int(11) NOT NULL,
  `respo_pekerjaan` varchar(255) NOT NULL,
  `respo_pendidikan` varchar(255) NOT NULL,
  `respo_created` timestamp NOT NULL DEFAULT current_timestamp()
) ENGINE=InnoDB DEFAULT CHARSET=utf8mb4 COLLATE=utf8mb4_general_ci;

--
-- Dumping data untuk tabel `tb_responden`
--

INSERT INTO `tb_responden` (`respo_id`, `respo_nama`, `respo_lembaga`, `respo_jk`, `respo_usia`, `respo_pekerjaan`, `respo_pendidikan`, `respo_created`) VALUES
('15d281483d7c60861b15b20def610e91', 'Nur', 'UNILA', 'Perempuan', 22, 'Dosen', 'S1', '2023-07-20 12:25:06'),
('24c4b0f05b66778d178d34173402c241', 'Leo', 'UNILA', 'Perempuan', 21, 'Dosen', 'SMA', '2023-07-11 13:17:29'),
('68549ce52c81f8f3ed952fe6d963e105', 'Kinoy', 'ITERA', 'Laki-Laki', 22, 'Pedagang', 'S1', '2023-07-18 15:37:05'),
('6c99ce01aa295d6cd768a4e6de846eaa', 'Nur Mita Utami', 'UNILA', 'Perempuan', 21, 'Dosen', 'S2', '2023-07-08 04:02:07'),
('795dfe0a8bc1ce2a63aedd935a0fe781', 'Ritma', 'PTPN', 'Perempuan', 22, 'Dosen', 'S3', '2023-07-18 15:39:26'),
('b5d48fc6693a2e3114c68c0b7db72e75', 'Liza', 'UNILA', 'Perempuan', 22, 'Pedagang', 'SMA', '2023-07-18 15:36:12'),
('dae0c78fd51e4a9c9ace71e1c122b95a', 'Nur Mita', 'ITERA', 'Perempuan', 22, 'Pelajar/Mahasiswa', 'S1', '2023-07-08 04:06:49');

--
-- Indexes for dumped tables
--

--
-- Indeks untuk tabel `tb_admin`
--
ALTER TABLE `tb_admin`
  ADD PRIMARY KEY (`admin_id`);

--
-- Indeks untuk tabel `tb_hasil`
--
ALTER TABLE `tb_hasil`
  ADD PRIMARY KEY (`hasil_id`);

--
-- Indeks untuk tabel `tb_indeks`
--
ALTER TABLE `tb_indeks`
  ADD PRIMARY KEY (`indeks_id`);

--
-- Indeks untuk tabel `tb_jawaban`
--
ALTER TABLE `tb_jawaban`
  ADD PRIMARY KEY (`jawab_id`);

--
-- Indeks untuk tabel `tb_krisar`
--
ALTER TABLE `tb_krisar`
  ADD PRIMARY KEY (`krisar_id`);

--
-- Indeks untuk tabel `tb_kuesioner`
--
ALTER TABLE `tb_kuesioner`
  ADD PRIMARY KEY (`kuesioner_id`);

--
-- Indeks untuk tabel `tb_log_akses`
--
ALTER TABLE `tb_log_akses`
  ADD PRIMARY KEY (`id_log_info`);

--
-- Indeks untuk tabel `tb_notifikasi`
--
ALTER TABLE `tb_notifikasi`
  ADD PRIMARY KEY (`noti_id`);

--
-- Indeks untuk tabel `tb_responden`
--
ALTER TABLE `tb_responden`
  ADD PRIMARY KEY (`respo_id`);

--
-- AUTO_INCREMENT untuk tabel yang dibuang
--

--
-- AUTO_INCREMENT untuk tabel `tb_jawaban`
--
ALTER TABLE `tb_jawaban`
  MODIFY `jawab_id` int(11) NOT NULL AUTO_INCREMENT, AUTO_INCREMENT=5;

--
-- AUTO_INCREMENT untuk tabel `tb_log_akses`
--
ALTER TABLE `tb_log_akses`
  MODIFY `id_log_info` int(11) NOT NULL AUTO_INCREMENT, AUTO_INCREMENT=14;
COMMIT;

/*!40101 SET CHARACTER_SET_CLIENT=@OLD_CHARACTER_SET_CLIENT */;
/*!40101 SET CHARACTER_SET_RESULTS=@OLD_CHARACTER_SET_RESULTS */;
/*!40101 SET COLLATION_CONNECTION=@OLD_COLLATION_CONNECTION */;
